Case_ID,Client_Name,Client_ID,Case_Type,Status,Opening_Date,Expected_Closing_Date,Actual_Closing_Date,Assigned_Lawyer,Lawyer_ID,Practice_Area,Jurisdiction,Opposing_Party,Case_Value,Billable_Hours,Fees_Charged,Payments_Received,Next_Action_Date,Priority,Risk_Level,Description,Last_Updated
CASE-0001,Bob Doe,CL-3532,Environmental,In Progress,2024-11-04,2025-05-02,,Attorney I. Almeida,LW-227,Labor,International Tribunal,David Wilson Inc.,279066.49,426,36780.32,11237.31,2025-10-08,Medium,Low,Fictional case description 1,2025-08-05
CASE-0002,Grace Thomas,CL-4878,Labor,Open,2020-05-22,2025-07-15,2023-08-15,Attorney B. Oliveira,LW-918,Intellectual Property,Federal Court,Frank Doe,704055.98,395,6343.81,32346.16,2025-10-21,High,High,Fictional case description 2,2025-04-27
CASE-0003,Frank Wilson,CL-3662,Civil,Settled,2021-07-19,2025-10-20,,Attorney G. Costa,LW-476,Real Estate,Appeals Court,Frank Martinez,796212.04,457,45044.92,18867.38,2025-10-14,Low,Low,Fictional case description 3,2025-03-26
CASE-0004,Bob Rodriguez,CL-3900,Corporate,Closed,2024-05-01,2025-07-03,2025-03-13,Attorney I. Almeida,LW-547,Civil,District Court,Ivy White Inc.,577770.56,78,17083.05,14297.32,2025-08-14,High,Medium,Fictional case description 4,2025-05-24
CASE-0005,Alice Lewis,CL-7755,Intellectual Property,Settled,2024-06-05,2025-10-22,,Attorney F. Pereira,LW-509,Criminal,State Court,Quinn Doe Inc.,799702.85,338,21751.57,23359.56,2025-08-11,Low,High,Fictional case description 5,2025-07-16
CASE-0006,Leo Smith,CL-1406,Tax,Settled,2024-10-15,2025-06-01,,Attorney A. Silva,LW-861,Real Estate,Appeals Court,Jack Thomas,537352.12,356,26430.78,9310.49,2025-10-31,Critical,Low,Fictional case description 6,2025-06-08
CASE-0007,John Johnson,CL-3938,Family,Settled,2022-04-29,2025-12-25,2024-10-20,Attorney F. Pereira,LW-550,Labor,International Tribunal,Bob Martinez,366427.24,83,13516.01,6384.99,2025-09-22,Low,Medium,Fictional case description 7,2025-06-03
CASE-0008,Eve Thomas,CL-6442,Environmental,In Progress,2021-11-27,2025-06-01,,Attorney E. Lima,LW-495,Corporate,International Tribunal,Katie Clark,197877.2,45,48765.0,9914.28,2025-08-18,Medium,High,Fictional case description 8,2025-05-02
CASE-0009,Olivia Lee,CL-7745,Tax,Settled,2025-03-28,2025-01-12,2024-05-05,Attorney C. Santos,LW-447,Labor,Appeals Court,Henry Brown Inc.,114841.02,281,31562.88,9646.11,2025-08-17,Medium,Medium,Fictional case description 9,2025-07-03
CASE-0010,John Rodriguez,CL-5065,Tax,Closed,2024-06-01,2025-12-04,,Attorney D. Souza,LW-291,Labor,District Court,Henry Martin Inc.,671030.73,298,25059.3,21347.58,2025-08-23,Medium,Medium,Fictional case description 10,2025-06-18
CASE-0011,Eve Rodriguez,CL-5371,Intellectual Property,Closed,2022-11-05,2025-07-22,2023-04-21,Attorney F. Pereira,LW-608,Tax,State Court,Frank Wilson Inc.,489994.49,14,25783.7,31649.49,2025-11-07,Medium,Low,Fictional case description 11,2025-04-04
CASE-0012,Leo Thomas,CL-3608,Corporate,Closed,2021-07-01,2025-05-21,2024-03-30,Attorney H. Rodrigues,LW-808,Family,International Tribunal,Mia Lee,965950.48,322,3244.24,29482.41,2025-08-20,Medium,Low,Fictional case description 12,2025-07-03
CASE-0013,Mia Lewis,CL-2771,Intellectual Property,On Hold,2024-08-07,2025-01-05,2023-03-24,Attorney D. Souza,LW-609,Tax,State Court,Paul Robinson,314090.71,342,43038.31,30561.99,2025-08-12,High,High,Fictional case description 13,2025-04-26
CASE-0014,Grace Doe,CL-7267,Corporate,Settled,2020-01-06,2025-10-17,2023-06-01,Attorney D. Souza,LW-476,Real Estate,Federal Court,Eve Thomas Inc.,389250.62,94,8760.63,37912.1,2025-08-01,Critical,Medium,Fictional case description 14,2025-01-30
CASE-0015,David Garcia,CL-1634,Criminal,Closed,2021-08-02,2025-12-18,2023-10-09,Attorney C. Santos,LW-916,Corporate,Appeals Court,Ryan Johnson Inc.,393151.46,235,8286.84,23027.68,2025-09-19,Low,Low,Fictional case description 15,2025-01-25
CASE-0016,Ivy Jackson,CL-8711,Environmental,On Hold,2024-01-26,2025-01-26,,Attorney C. Santos,LW-631,Criminal,International Tribunal,Olivia Martin Inc.,115117.84,189,38779.78,39306.59,2025-08-06,Low,High,Fictional case description 16,2025-07-14
CASE-0017,Charlie Anderson,CL-4644,Civil,Settled,2021-09-03,2025-11-07,,Attorney B. Oliveira,LW-373,Corporate,Federal Court,Quinn Brown,352632.94,379,44766.29,15536.9,2025-10-22,Critical,Medium,Fictional case description 17,2025-06-18
CASE-0018,Ivy Brown,CL-4269,Real Estate,Settled,2024-09-11,2025-09-12,,Attorney E. Lima,LW-920,Family,State Court,Paul Clark,458402.73,119,33868.96,37408.24,2025-09-20,Medium,Medium,Fictional case description 18,2025-02-26
CASE-0019,Alice Thompson,CL-8541,Civil,Open,2023-04-17,2025-05-27,2024-09-03,Attorney B. Oliveira,LW-184,Real Estate,Federal Court,Paul Wilson,173354.99,331,6209.01,39661.68,2025-08-21,Medium,Low,Fictional case description 19,2025-01-01
CASE-0020,Bob Martin,CL-6728,Tax,Settled,2023-04-02,2025-04-28,,Attorney I. Almeida,LW-844,Corporate,District Court,Olivia Martinez,673915.27,393,37168.61,6948.48,2025-11-09,Low,Low,Fictional case description 20,2025-03-29
CASE-0021,Jack Lee,CL-6000,Family,Dismissed,2023-09-13,2025-11-07,2024-09-11,Attorney I. Almeida,LW-534,Labor,Supreme Court,Eve Lewis,800812.77,87,627.14,9462.05,2025-10-15,Medium,Low,Fictional case description 21,2025-04-01
CASE-0022,Grace Smith,CL-4728,Criminal,Open,2022-09-29,2025-06-30,2025-03-23,Attorney I. Almeida,LW-180,Corporate,District Court,Olivia Martinez,918763.9,480,43005.11,12720.17,2025-08-14,High,High,Fictional case description 22,2025-08-01
CASE-0023,Mia Rodriguez,CL-4652,Civil,In Progress,2024-11-07,2025-04-23,,Attorney A. Silva,LW-540,Bankruptcy,State Court,Mia Wilson Inc.,590578.2,220,1108.26,29524.2,2025-11-10,High,Low,Fictional case description 23,2025-06-12
CASE-0024,Bob Thompson,CL-1387,Civil,Dismissed,2020-10-31,2025-11-22,,Attorney F. Pereira,LW-716,Real Estate,District Court,Mia Lewis Inc.,672437.97,325,2776.09,14351.33,2025-10-11,High,Low,Fictional case description 24,2025-07-24
CASE-0025,Alice Rodriguez,CL-4164,Family,In Progress,2022-07-03,2025-04-08,,Attorney J. Ferreira,LW-942,Criminal,International Tribunal,Mia White,313872.56,361,18516.84,23662.5,2025-08-29,Critical,High,Fictional case description 25,2025-03-16
CASE-0026,Henry Lee,CL-7528,Family,On Hold,2023-01-08,2025-11-14,,Attorney C. Santos,LW-284,Real Estate,State Court,Katie Jackson Inc.,239334.15,236,46051.21,28138.12,2025-09-05,Critical,High,Fictional case description 26,2025-05-21
CASE-0027,Jack Lewis,CL-6378,Civil,Dismissed,2022-09-18,2025-05-09,,Attorney J. Ferreira,LW-658,Labor,District Court,Eve Lewis Inc.,117831.96,450,9358.57,14067.29,2025-11-20,High,Medium,Fictional case description 27,2025-05-14
CASE-0028,Eve Johnson,CL-5564,Bankruptcy,Open,2021-12-07,2025-12-14,2024-04-07,Attorney G. Costa,LW-400,Bankruptcy,Appeals Court,Leo Martin,373932.76,121,48036.94,22706.05,2025-10-28,Critical,Low,Fictional case description 28,2025-04-06
CASE-0029,Jane Thomas,CL-2137,Labor,In Progress,2021-11-11,2025-12-04,,Attorney C. Santos,LW-428,Bankruptcy,Appeals Court,Paul Smith Inc.,142217.18,54,2250.5,5684.09,2025-11-21,High,Low,Fictional case description 29,2025-06-29
CASE-0030,Henry Johnson,CL-5573,Family,In Progress,2023-02-04,2025-12-15,2025-04-27,Attorney C. Santos,LW-205,Labor,District Court,Alice Robinson Inc.,389074.81,469,40254.22,37934.74,2025-11-07,Medium,High,Fictional case description 30,2025-01-28
CASE-0031,Frank Brown,CL-6753,Labor,In Progress,2024-04-11,2025-03-12,2024-03-01,Attorney C. Santos,LW-181,Labor,International Tribunal,Leo Taylor,596829.39,61,35844.03,33467.87,2025-08-04,Critical,Low,Fictional case description 31,2025-01-12
CASE-0032,Katie Jackson,CL-9346,Environmental,Settled,2023-01-17,2025-11-18,,Attorney J. Ferreira,LW-435,Bankruptcy,International Tribunal,Leo Martin Inc.,575231.24,81,32957.31,32416.05,2025-08-07,High,High,Fictional case description 32,2025-08-18
CASE-0033,Mia Martin,CL-7548,Criminal,Open,2022-02-11,2025-02-19,2023-11-17,Attorney C. Santos,LW-776,Bankruptcy,Federal Court,Katie Martinez Inc.,423615.74,395,11613.51,38815.51,2025-09-14,Critical,High,Fictional case description 33,2025-02-12
CASE-0034,David Martin,CL-9785,Bankruptcy,In Progress,2022-07-21,2025-11-18,,Attorney H. Rodrigues,LW-402,Tax,International Tribunal,Katie Thompson Inc.,487183.55,73,12789.03,21684.98,2025-10-06,Low,Low,Fictional case description 34,2025-05-07
CASE-0035,Jack Anderson,CL-6425,Family,Open,2025-03-25,2025-11-27,2023-06-06,Attorney A. Silva,LW-413,Bankruptcy,State Court,Paul Wilson,537841.89,311,45834.81,7022.27,2025-09-15,Low,Medium,Fictional case description 35,2025-02-05
CASE-0036,Grace Johnson,CL-1452,Environmental,Closed,2021-10-21,2025-01-21,,Attorney G. Costa,LW-556,Civil,Appeals Court,Jack Brown Inc.,919241.84,383,16336.79,1518.55,2025-10-05,High,High,Fictional case description 36,2025-07-30
CASE-0037,Ryan Taylor,CL-2889,Corporate,Closed,2024-11-15,2025-06-08,2023-04-04,Attorney F. Pereira,LW-717,Civil,State Court,Paul Thompson,930764.24,206,41386.85,2246.72,2025-09-06,High,Low,Fictional case description 37,2025-07-03
CASE-0038,Paul Thomas,CL-5279,Tax,Dismissed,2021-01-21,2025-08-14,,Attorney D. Souza,LW-834,Criminal,Appeals Court,Frank Doe Inc.,174061.57,189,28791.03,24066.51,2025-11-13,High,Medium,Fictional case description 38,2025-07-10
CASE-0039,David Martinez,CL-3925,Labor,Settled,2023-11-29,2025-01-18,2023-04-09,Attorney H. Rodrigues,LW-536,Civil,Supreme Court,Henry Martinez Inc.,167698.66,229,6410.35,797.12,2025-08-31,Low,Medium,Fictional case description 39,2025-07-04
CASE-0040,Katie Jackson,CL-5349,Bankruptcy,Closed,2021-05-04,2025-10-24,,Attorney J. Ferreira,LW-270,Bankruptcy,International Tribunal,Paul Garcia Inc.,289545.94,171,33829.62,19119.56,2025-10-01,Critical,Medium,Fictional case description 40,2025-04-15
CASE-0041,Paul Thomas,CL-1626,Bankruptcy,On Hold,2023-03-17,2025-07-06,2023-05-14,Attorney E. Lima,LW-806,Corporate,District Court,Frank Thomas Inc.,187911.48,415,3107.27,13269.36,2025-09-23,Low,Medium,Fictional case description 41,2025-01-28
CASE-0042,Ivy Smith,CL-2776,Criminal,Open,2022-02-23,2025-03-09,,Attorney H. Rodrigues,LW-554,Family,Appeals Court,Charlie Jackson,842143.23,81,11547.66,24565.39,2025-11-21,High,Low,Fictional case description 42,2025-03-07
CASE-0043,Frank Smith,CL-8119,Labor,In Progress,2021-04-23,2025-02-16,,Attorney D. Souza,LW-459,Bankruptcy,District Court,Bob Smith,619790.57,136,26030.82,32257.82,2025-11-15,High,Low,Fictional case description 43,2025-06-06
CASE-0044,Ivy Thompson,CL-6663,Corporate,On Hold,2024-10-19,2025-06-01,,Attorney I. Almeida,LW-557,Intellectual Property,Supreme Court,Leo Lee Inc.,865656.71,151,2773.47,13630.36,2025-07-28,High,Low,Fictional case description 44,2025-02-20
CASE-0045,Grace Johnson,CL-6139,Criminal,Dismissed,2024-05-07,2025-06-17,2023-05-06,Attorney D. Souza,LW-143,Bankruptcy,State Court,John Thomas Inc.,951890.11,340,20345.78,7098.39,2025-11-04,High,Low,Fictional case description 45,2025-02-18
CASE-0046,Eve Lewis,CL-8149,Bankruptcy,On Hold,2022-04-21,2025-08-01,2025-06-13,Attorney E. Lima,LW-844,Civil,District Court,Bob Lee,485124.31,53,43911.07,32096.98,2025-10-24,High,Medium,Fictional case description 46,2025-01-31
CASE-0047,Ivy Anderson,CL-9379,Civil,Dismissed,2020-03-30,2025-03-31,,Attorney H. Rodrigues,LW-990,Environmental,Appeals Court,Ryan Smith,195933.36,137,43368.6,34728.68,2025-10-14,High,Medium,Fictional case description 47,2025-08-07
CASE-0048,Noah Thompson,CL-2894,Corporate,Closed,2021-10-13,2025-04-13,,Attorney D. Souza,LW-461,Real Estate,Supreme Court,Jane Thompson,384560.23,293,38789.61,2382.24,2025-10-10,Medium,High,Fictional case description 48,2025-04-11
CASE-0049,Mia Wilson,CL-7311,Bankruptcy,Open,2024-03-05,2025-03-09,,Attorney F. Pereira,LW-729,Corporate,Appeals Court,Paul Anderson,562020.5,317,15879.54,5908.48,2025-10-01,Medium,Medium,Fictional case description 49,2025-02-25
CASE-0050,Grace Wilson,CL-4114,Intellectual Property,Dismissed,2022-08-26,2025-10-04,,Attorney J. Ferreira,LW-545,Corporate,Supreme Court,Jane Wilson Inc.,653416.69,317,4776.08,28187.85,2025-11-04,Medium,Medium,Fictional case description 50,2025-04-28
CASE-0051,Frank Rodriguez,CL-5173,Intellectual Property,In Progress,2023-12-15,2025-07-07,,Attorney H. Rodrigues,LW-381,Environmental,International Tribunal,Henry Thomas Inc.,409725.21,379,23108.94,5666.11,2025-09-18,Low,High,Fictional case description 51,2025-07-31
CASE-0052,Paul Jackson,CL-1727,Family,On Hold,2025-02-13,2025-09-29,,Attorney H. Rodrigues,LW-754,Family,International Tribunal,Quinn Harris Inc.,492234.15,321,18761.51,4436.82,2025-08-10,Critical,Low,Fictional case description 52,2025-07-20
CASE-0053,Quinn Garcia,CL-8144,Criminal,Dismissed,2024-07-19,2025-09-14,2024-08-14,Attorney E. Lima,LW-910,Intellectual Property,International Tribunal,Ivy Thomas Inc.,710432.23,155,14933.96,21051.8,2025-09-18,High,Low,Fictional case description 53,2025-02-18
CASE-0054,Quinn Thompson,CL-1027,Bankruptcy,Settled,2022-02-19,2025-05-20,,Attorney G. Costa,LW-158,Corporate,International Tribunal,Charlie Clark,444407.89,408,39333.11,14595.59,2025-08-15,Medium,Low,Fictional case description 54,2025-07-03
CASE-0055,Jack Thomas,CL-9518,Family,Dismissed,2022-03-01,2025-03-26,2024-05-08,Attorney I. Almeida,LW-176,Environmental,International Tribunal,Henry Jackson,168086.23,491,37109.01,2901.26,2025-08-14,Low,Low,Fictional case description 55,2025-03-28
CASE-0056,Charlie Clark,CL-9821,Criminal,In Progress,2023-09-21,2025-05-12,2023-04-21,Attorney I. Almeida,LW-787,Criminal,Supreme Court,Quinn Taylor,565832.4,363,12507.91,28181.52,2025-10-07,Critical,Low,Fictional case description 56,2025-01-28
CASE-0057,Noah Johnson,CL-4228,Corporate,Closed,2024-06-10,2025-09-04,2024-07-23,Attorney G. Costa,LW-752,Civil,Appeals Court,Leo Rodriguez Inc.,796085.01,23,18729.54,26485.58,2025-10-10,High,High,Fictional case description 57,2025-07-13
CASE-0058,Jane Brown,CL-6967,Bankruptcy,Open,2024-08-07,2025-06-01,2025-02-19,Attorney C. Santos,LW-515,Labor,District Court,Jack Thompson,221308.98,444,48606.96,23440.67,2025-10-09,High,High,Fictional case description 58,2025-04-17
CASE-0059,Charlie Taylor,CL-8066,Criminal,Settled,2023-08-28,2025-06-23,2023-08-20,Attorney D. Souza,LW-472,Environmental,State Court,Ivy Garcia Inc.,33662.39,443,49890.46,13462.44,2025-11-01,Critical,Low,Fictional case description 59,2025-01-12
CASE-0060,Leo Lee,CL-2146,Bankruptcy,In Progress,2020-11-07,2025-02-28,,Attorney J. Ferreira,LW-625,Intellectual Property,State Court,Henry Thompson,225618.57,347,38906.35,12904.13,2025-11-24,Critical,Medium,Fictional case description 60,2025-08-26
CASE-0061,Alice Thompson,CL-6409,Civil,Dismissed,2022-10-11,2025-08-28,,Attorney C. Santos,LW-920,Environmental,Supreme Court,Paul Robinson,289381.64,458,36756.94,39034.43,2025-08-08,Critical,Medium,Fictional case description 61,2025-06-12
CASE-0062,Katie Lee,CL-6143,Tax,In Progress,2025-05-29,2025-02-08,,Attorney E. Lima,LW-867,Environmental,Appeals Court,Frank White,780959.46,164,27554.68,29294.08,2025-11-22,Low,Medium,Fictional case description 62,2025-08-03
CASE-0063,Mia Clark,CL-3041,Real Estate,On Hold,2020-03-16,2025-03-14,,Attorney A. Silva,LW-795,Family,Supreme Court,Charlie Martinez Inc.,566084.81,115,39900.69,17474.74,2025-08-09,Medium,High,Fictional case description 63,2025-06-22
CASE-0064,Grace Rodriguez,CL-5920,Intellectual Property,In Progress,2020-09-15,2025-04-26,,Attorney H. Rodrigues,LW-263,Tax,State Court,Paul Garcia Inc.,772775.09,275,7953.04,25570.64,2025-10-07,High,Medium,Fictional case description 64,2025-05-31
CASE-0065,John Brown,CL-9308,Tax,Open,2022-10-25,2025-12-13,,Attorney F. Pereira,LW-131,Bankruptcy,Supreme Court,Paul Clark Inc.,495818.03,320,46653.68,19488.0,2025-11-03,Medium,High,Fictional case description 65,2025-02-01
CASE-0066,Paul Jackson,CL-6067,Criminal,Open,2025-05-31,2025-12-12,2024-11-04,Attorney I. Almeida,LW-246,Labor,Supreme Court,Frank Jackson,511295.17,270,1683.56,12691.34,2025-08-08,Critical,Low,Fictional case description 66,2025-07-17
CASE-0067,Ivy Brown,CL-7691,Real Estate,In Progress,2023-04-23,2025-07-23,,Attorney B. Oliveira,LW-969,Tax,International Tribunal,Alice Martinez,573141.34,106,27306.49,28287.32,2025-11-04,High,Medium,Fictional case description 67,2025-08-17
CASE-0068,Henry Garcia,CL-6344,Tax,On Hold,2021-11-10,2025-10-13,2023-07-04,Attorney I. Almeida,LW-722,Tax,State Court,Alice Rodriguez Inc.,268621.02,392,31979.12,22479.09,2025-09-01,High,Medium,Fictional case description 68,2025-04-26
CASE-0069,David Martinez,CL-7592,Civil,Settled,2024-11-16,2025-07-07,2025-02-19,Attorney B. Oliveira,LW-794,Tax,International Tribunal,Eve Smith Inc.,543563.08,210,34826.31,35584.01,2025-11-15,Medium,Low,Fictional case description 69,2025-04-28
CASE-0070,John Jackson,CL-5844,Intellectual Property,Dismissed,2020-07-24,2025-02-16,2023-12-14,Attorney E. Lima,LW-900,Intellectual Property,International Tribunal,Ryan Lee,990902.73,161,974.94,24548.36,2025-10-03,Medium,Low,Fictional case description 70,2025-06-18
CASE-0071,Olivia Taylor,CL-3085,Environmental,Settled,2024-11-25,2025-07-22,2023-07-05,Attorney B. Oliveira,LW-548,Labor,District Court,Alice Anderson,542501.34,340,17083.36,14273.02,2025-11-16,High,Medium,Fictional case description 71,2025-05-31
CASE-0072,Olivia Brown,CL-4143,Criminal,On Hold,2024-09-26,2025-01-08,,Attorney C. Santos,LW-135,Tax,Supreme Court,Quinn Rodriguez Inc.,757029.46,37,38066.99,26621.27,2025-09-09,Low,Medium,Fictional case description 72,2025-05-10
CASE-0073,Henry Clark,CL-7888,Intellectual Property,Closed,2022-06-20,2025-05-16,,Attorney E. Lima,LW-229,Real Estate,District Court,Eve Harris,760244.13,411,19125.6,32578.17,2025-11-16,Critical,Medium,Fictional case description 73,2025-02-04
CASE-0074,Ryan Anderson,CL-7211,Tax,Open,2020-07-23,2025-10-02,2023-05-26,Attorney H. Rodrigues,LW-168,Real Estate,Supreme Court,John Anderson,441925.21,469,37035.09,15135.36,2025-09-17,Medium,Medium,Fictional case description 74,2025-05-08
CASE-0075,Charlie Martin,CL-3851,Environmental,Closed,2022-12-13,2025-03-05,,Attorney I. Almeida,LW-341,Criminal,Appeals Court,Bob Robinson Inc.,219323.39,416,15721.78,29359.8,2025-08-29,High,Medium,Fictional case description 75,2025-01-02
CASE-0076,David Rodriguez,CL-5930,Labor,Dismissed,2025-02-07,2025-08-21,,Attorney C. Santos,LW-897,Tax,International Tribunal,Ryan Anderson Inc.,425729.53,498,10657.12,11780.69,2025-09-14,Medium,High,Fictional case description 76,2025-05-16
CASE-0077,Olivia Doe,CL-7653,Intellectual Property,On Hold,2022-07-24,2025-07-08,2024-06-27,Attorney G. Costa,LW-760,Family,Supreme Court,Frank Rodriguez,736252.71,132,49164.23,7108.33,2025-10-18,High,Medium,Fictional case description 77,2025-07-08
CASE-0078,Ryan Harris,CL-9977,Labor,Dismissed,2020-02-01,2025-12-11,2024-03-05,Attorney B. Oliveira,LW-475,Environmental,Supreme Court,Henry Thompson,654018.03,263,21280.88,71.92,2025-09-27,Low,Medium,Fictional case description 78,2025-01-13
CASE-0079,Noah Doe,CL-1006,Real Estate,Closed,2024-01-19,2025-12-11,2023-06-11,Attorney D. Souza,LW-470,Criminal,Federal Court,Jack White,248284.09,207,48078.66,28080.34,2025-10-08,Medium,High,Fictional case description 79,2025-05-22
CASE-0080,Bob Martin,CL-5978,Corporate,On Hold,2020-10-22,2025-05-15,2025-01-08,Attorney H. Rodrigues,LW-492,Corporate,Appeals Court,Olivia Robinson,874935.04,67,48641.68,22913.39,2025-10-12,High,Low,Fictional case description 80,2025-04-21
CASE-0081,Henry Thomas,CL-5700,Bankruptcy,Settled,2022-04-19,2025-10-27,2024-08-04,Attorney F. Pereira,LW-680,Environmental,International Tribunal,Noah Harris,33198.17,133,7547.49,34030.28,2025-09-25,Medium,Low,Fictional case description 81,2025-08-03
CASE-0082,Jane Thomas,CL-4443,Real Estate,Settled,2024-11-18,2025-07-15,,Attorney A. Silva,LW-133,Family,Appeals Court,Jack Harris Inc.,263552.41,265,14351.35,30833.22,2025-07-31,High,Low,Fictional case description 82,2025-05-30
CASE-0083,Quinn Johnson,CL-8043,Environmental,Closed,2023-09-02,2025-11-23,,Attorney G. Costa,LW-719,Labor,District Court,Quinn Thomas,862337.43,336,2673.06,22699.31,2025-08-18,Critical,High,Fictional case description 83,2025-05-04
CASE-0084,Alice Robinson,CL-6279,Environmental,Closed,2025-06-09,2025-07-10,2025-02-11,Attorney A. Silva,LW-257,Criminal,District Court,John Jackson Inc.,87896.02,314,11957.89,7283.27,2025-08-31,High,High,Fictional case description 84,2025-08-25
CASE-0085,Alice Rodriguez,CL-8618,Intellectual Property,Open,2020-11-12,2025-02-25,,Attorney G. Costa,LW-795,Civil,Supreme Court,Quinn Lewis Inc.,865425.18,46,42352.46,12728.68,2025-09-16,High,Low,Fictional case description 85,2025-05-11
CASE-0086,Charlie Wilson,CL-8238,Bankruptcy,Settled,2020-06-02,2025-12-12,,Attorney I. Almeida,LW-560,Corporate,State Court,Henry Wilson Inc.,118268.64,280,20946.31,32352.28,2025-08-14,High,Low,Fictional case description 86,2025-07-19
CASE-0087,Noah Rodriguez,CL-8244,Corporate,Open,2022-08-19,2025-04-30,2024-11-08,Attorney F. Pereira,LW-479,Intellectual Property,Supreme Court,Frank Thompson,812077.02,465,44831.11,24455.25,2025-10-14,High,Low,Fictional case description 87,2025-08-24
CASE-0088,David Jackson,CL-4501,Tax,Closed,2024-05-19,2025-08-30,2024-09-13,Attorney D. Souza,LW-480,Bankruptcy,Federal Court,Frank Robinson Inc.,210668.29,16,23193.67,25585.87,2025-10-12,Critical,Medium,Fictional case description 88,2025-08-22
CASE-0089,Olivia Lee,CL-9375,Family,Dismissed,2025-06-07,2025-01-13,2023-10-07,Attorney G. Costa,LW-554,Intellectual Property,Supreme Court,Ivy Jackson Inc.,737875.37,194,37521.02,4164.41,2025-10-22,Low,High,Fictional case description 89,2025-02-15
CASE-0090,Leo Anderson,CL-8752,Criminal,On Hold,2021-06-26,2025-11-14,2024-06-08,Attorney B. Oliveira,LW-881,Family,International Tribunal,Noah Robinson Inc.,689444.45,488,29248.15,19847.4,2025-10-23,Critical,Medium,Fictional case description 90,2025-06-27
CASE-0091,Paul Anderson,CL-3780,Corporate,Settled,2021-11-24,2025-10-15,2024-03-16,Attorney F. Pereira,LW-178,Labor,Federal Court,Jack Taylor,861187.65,172,25518.67,13246.74,2025-09-16,Low,High,Fictional case description 91,2025-05-29
CASE-0092,Henry Thompson,CL-2389,Environmental,On Hold,2023-06-30,2025-06-17,2024-11-25,Attorney D. Souza,LW-687,Tax,Supreme Court,Paul Robinson,610651.54,77,32042.18,3112.27,2025-07-31,Low,High,Fictional case description 92,2025-02-14
CASE-0093,Jack Martinez,CL-5649,Family,Open,2023-11-19,2025-11-09,,Attorney A. Silva,LW-240,Bankruptcy,District Court,Paul Smith,428738.89,208,20020.39,13872.4,2025-09-15,Critical,Medium,Fictional case description 93,2025-07-07
CASE-0094,Olivia Martinez,CL-9445,Environmental,Open,2022-03-25,2025-04-24,2024-11-14,Attorney F. Pereira,LW-642,Tax,International Tribunal,Alice Smith Inc.,616535.05,450,29798.84,12780.75,2025-11-17,Medium,Low,Fictional case description 94,2025-07-28
CASE-0095,Bob Thomas,CL-6491,Bankruptcy,In Progress,2023-08-23,2025-11-28,2023-08-14,Attorney B. Oliveira,LW-475,Family,Supreme Court,Leo Wilson Inc.,785064.46,439,3583.0,25447.47,2025-11-16,Low,High,Fictional case description 95,2025-02-02
CASE-0096,Frank Johnson,CL-2530,Bankruptcy,Dismissed,2020-06-13,2025-02-02,2024-09-05,Attorney F. Pereira,LW-507,Labor,International Tribunal,Frank Johnson Inc.,813716.34,301,33290.97,38523.18,2025-09-07,Critical,Medium,Fictional case description 96,2025-01-27
CASE-0097,Ivy Doe,CL-4848,Intellectual Property,Settled,2024-10-10,2025-11-22,2023-07-29,Attorney C. Santos,LW-421,Environmental,District Court,John Anderson Inc.,805635.05,225,6970.06,32866.47,2025-10-23,High,Medium,Fictional case description 97,2025-04-10
CASE-0098,Quinn Rodriguez,CL-6085,Tax,Settled,2021-11-03,2025-08-26,2023-08-05,Attorney C. Santos,LW-765,Real Estate,State Court,Jack Smith Inc.,570504.27,197,14937.96,26800.98,2025-08-26,Critical,High,Fictional case description 98,2025-06-18
CASE-0099,Frank Lewis,CL-4680,Civil,Open,2024-10-11,2025-12-25,,Attorney A. Silva,LW-385,Environmental,State Court,Ryan Robinson Inc.,532748.52,289,42620.23,29171.44,2025-08-02,Low,Low,Fictional case description 99,2025-06-03
CASE-0100,Frank Doe,CL-4262,Environmental,Dismissed,2023-10-13,2025-06-04,,Attorney E. Lima,LW-355,Environmental,Appeals Court,John Doe Inc.,597260.83,359,46339.08,13429.98,2025-10-30,Medium,High,Fictional case description 100,2025-06-05
CASE-0101,Alice Smith,CL-3414,Tax,On Hold,2024-10-25,2025-11-29,2023-05-03,Attorney H. Rodrigues,LW-216,Corporate,Supreme Court,Leo Doe Inc.,169208.99,98,19951.16,455.82,2025-09-25,Medium,High,Fictional case description 101,2025-08-14
CASE-0102,Frank Johnson,CL-1400,Labor,Settled,2022-12-28,2025-07-29,2025-02-03,Attorney C. Santos,LW-126,Environmental,Appeals Court,Grace Rodriguez,979021.16,400,41679.04,8387.37,2025-11-21,Medium,Low,Fictional case description 102,2025-03-24
CASE-0103,Jane Harris,CL-1757,Environmental,Open,2022-02-17,2025-03-01,2023-05-13,Attorney H. Rodrigues,LW-853,Civil,International Tribunal,John Clark Inc.,293342.06,251,16649.45,27727.04,2025-08-30,High,Medium,Fictional case description 103,2025-05-10
CASE-0104,Alice Clark,CL-5011,Family,In Progress,2025-05-08,2025-03-13,2024-12-21,Attorney H. Rodrigues,LW-290,Criminal,Supreme Court,Leo Taylor Inc.,573162.84,498,22911.51,14019.25,2025-11-18,Critical,Medium,Fictional case description 104,2025-08-14
CASE-0105,Frank Jackson,CL-8784,Tax,Closed,2021-10-10,2025-01-24,2024-07-26,Attorney J. Ferreira,LW-611,Intellectual Property,State Court,Bob Clark,952444.95,404,12063.76,31480.8,2025-09-12,Critical,Low,Fictional case description 105,2025-04-09
CASE-0106,Noah Anderson,CL-2193,Corporate,Settled,2023-07-07,2025-01-20,,Attorney A. Silva,LW-630,Real Estate,Federal Court,Eve Lee,514900.57,47,47205.96,28816.54,2025-07-29,Medium,Medium,Fictional case description 106,2025-04-18
CASE-0107,Paul Wilson,CL-8461,Tax,Dismissed,2024-01-11,2025-06-05,,Attorney B. Oliveira,LW-496,Environmental,Appeals Court,Jack Jackson Inc.,900255.13,18,7237.54,1925.9,2025-09-08,High,Medium,Fictional case description 107,2025-06-05
CASE-0108,Quinn Lewis,CL-7790,Corporate,Closed,2024-12-22,2025-09-10,2025-06-01,Attorney A. Silva,LW-675,Family,International Tribunal,Alice Martin Inc.,815365.72,310,38622.26,17528.81,2025-11-08,Medium,Low,Fictional case description 108,2025-08-23
CASE-0109,Noah Thomas,CL-4185,Bankruptcy,On Hold,2024-04-04,2025-03-01,,Attorney E. Lima,LW-220,Family,Appeals Court,Mia Lewis Inc.,136453.32,44,5894.16,16786.13,2025-11-05,Low,Low,Fictional case description 109,2025-06-27
CASE-0110,Noah Garcia,CL-7291,Corporate,In Progress,2022-09-26,2025-02-19,2024-04-15,Attorney D. Souza,LW-368,Bankruptcy,State Court,Frank White,750344.04,17,5730.06,6653.54,2025-09-03,Critical,Medium,Fictional case description 110,2025-07-15
CASE-0111,Eve Brown,CL-9099,Real Estate,Settled,2024-11-21,2025-05-01,,Attorney C. Santos,LW-893,Tax,State Court,Alice Smith Inc.,412184.63,144,22753.55,16560.77,2025-09-04,High,High,Fictional case description 111,2025-03-05
CASE-0112,Bob Garcia,CL-7547,Civil,Closed,2023-01-13,2025-10-03,,Attorney I. Almeida,LW-366,Civil,Federal Court,Katie Thompson,60226.6,120,16044.65,35270.83,2025-08-31,Medium,Medium,Fictional case description 112,2025-03-12
CASE-0113,Jack Garcia,CL-4997,Real Estate,Dismissed,2020-03-14,2025-03-11,,Attorney J. Ferreira,LW-820,Civil,International Tribunal,Jane Doe Inc.,278046.21,30,6476.47,14049.25,2025-11-11,High,Low,Fictional case description 113,2025-04-12
CASE-0114,Leo Martinez,CL-3417,Family,Closed,2023-06-18,2025-07-18,,Attorney I. Almeida,LW-556,Corporate,Appeals Court,Alice Robinson Inc.,656240.38,482,18235.23,15013.9,2025-09-27,Low,High,Fictional case description 114,2025-03-29
CASE-0115,Jane Brown,CL-1090,Criminal,Open,2020-05-20,2025-08-21,,Attorney G. Costa,LW-319,Environmental,State Court,Ivy Lewis Inc.,701725.1,40,38631.67,33152.28,2025-11-13,Low,High,Fictional case description 115,2025-03-17
CASE-0116,Jane Thompson,CL-2746,Family,Closed,2021-04-25,2025-07-09,2023-04-28,Attorney B. Oliveira,LW-726,Bankruptcy,International Tribunal,Bob Clark Inc.,133558.17,495,22869.9,31549.2,2025-10-24,Critical,High,Fictional case description 116,2025-04-26
CASE-0117,Ivy Brown,CL-7965,Intellectual Property,On Hold,2023-07-16,2025-12-10,2023-11-29,Attorney E. Lima,LW-392,Environmental,State Court,Frank Anderson Inc.,147097.2,414,23435.66,23122.22,2025-10-22,High,High,Fictional case description 117,2025-07-26
CASE-0118,Frank Anderson,CL-4585,Environmental,Closed,2023-11-02,2025-12-23,2024-09-24,Attorney D. Souza,LW-810,Corporate,Federal Court,Quinn Robinson Inc.,322774.61,213,42697.87,30329.74,2025-08-08,Medium,High,Fictional case description 118,2025-02-04
CASE-0119,Eve Rodriguez,CL-3881,Real Estate,On Hold,2025-03-01,2025-10-04,2024-12-07,Attorney E. Lima,LW-602,Real Estate,Federal Court,Alice Jackson,248307.19,269,4975.83,9023.31,2025-11-15,Medium,High,Fictional case description 119,2025-02-05
CASE-0120,Mia Wilson,CL-9486,Family,On Hold,2021-08-11,2025-08-03,,Attorney B. Oliveira,LW-304,Civil,District Court,Quinn Smith Inc.,843712.1,156,40476.05,18051.5,2025-08-25,Medium,High,Fictional case description 120,2025-04-16
CASE-0121,Leo Taylor,CL-8611,Environmental,Dismissed,2021-04-10,2025-10-28,2025-05-14,Attorney A. Silva,LW-225,Criminal,Supreme Court,Ivy Doe,393308.05,331,15558.64,31967.78,2025-08-13,Critical,Low,Fictional case description 121,2025-06-04
CASE-0122,Grace Martinez,CL-1822,Environmental,Open,2024-03-09,2025-03-21,2024-03-22,Attorney D. Souza,LW-238,Intellectual Property,International Tribunal,Quinn Wilson Inc.,143029.46,374,35382.89,1336.51,2025-09-03,Low,High,Fictional case description 122,2025-06-29
CASE-0123,Frank Johnson,CL-5082,Environmental,In Progress,2020-07-04,2025-08-01,,Attorney G. Costa,LW-973,Labor,District Court,Katie Johnson Inc.,632769.58,266,30363.47,803.12,2025-10-30,Medium,Medium,Fictional case description 123,2025-08-15
CASE-0124,Mia Rodriguez,CL-2988,Civil,On Hold,2022-06-07,2025-12-02,,Attorney J. Ferreira,LW-175,Corporate,Federal Court,Quinn Thomas,628185.01,402,11143.53,10445.11,2025-09-21,Critical,High,Fictional case description 124,2025-07-11
CASE-0125,Bob Smith,CL-8478,Criminal,Closed,2020-07-20,2025-02-20,2023-11-14,Attorney H. Rodrigues,LW-562,Tax,International Tribunal,Katie Rodriguez Inc.,375797.16,222,42900.38,4189.0,2025-11-03,Critical,High,Fictional case description 125,2025-05-12
CASE-0126,Paul Doe,CL-3184,Corporate,Dismissed,2024-04-06,2025-09-08,,Attorney B. Oliveira,LW-276,Intellectual Property,State Court,Charlie Johnson,76440.76,226,7842.03,13672.33,2025-11-09,Critical,High,Fictional case description 126,2025-03-18
CASE-0127,Alice Thomas,CL-8612,Family,Closed,2023-07-21,2025-11-12,2025-03-08,Attorney B. Oliveira,LW-830,Tax,Federal Court,Jack Smith Inc.,794804.03,369,35702.29,35517.25,2025-09-06,Critical,High,Fictional case description 127,2025-08-04
CASE-0128,David Garcia,CL-9702,Intellectual Property,On Hold,2023-12-12,2025-07-28,2024-06-06,Attorney H. Rodrigues,LW-555,Civil,Appeals Court,Frank Johnson,769115.35,215,48435.8,6436.18,2025-08-30,Critical,High,Fictional case description 128,2025-06-29
CASE-0129,Noah Robinson,CL-6198,Family,Dismissed,2024-11-22,2025-05-24,,Attorney J. Ferreira,LW-189,Intellectual Property,State Court,Ryan Lee,403447.92,52,20114.1,3000.1,2025-10-28,Critical,Low,Fictional case description 129,2025-05-21
CASE-0130,Eve Thompson,CL-8251,Corporate,Closed,2020-07-24,2025-01-17,,Attorney I. Almeida,LW-929,Civil,District Court,Ivy Doe,750052.58,337,2923.06,37673.37,2025-09-18,Low,Medium,Fictional case description 130,2025-08-09
CASE-0131,Jane Taylor,CL-9270,Bankruptcy,Settled,2022-06-27,2025-12-20,2025-03-05,Attorney A. Silva,LW-798,Bankruptcy,International Tribunal,Mia Robinson Inc.,695008.91,284,15292.62,39121.66,2025-10-12,Low,High,Fictional case description 131,2025-03-22
CASE-0132,Katie Doe,CL-7991,Tax,Open,2020-12-06,2025-07-09,2025-01-14,Attorney I. Almeida,LW-965,Real Estate,District Court,Paul Thompson,877440.04,285,41094.44,13518.02,2025-10-17,Medium,High,Fictional case description 132,2025-07-02
CASE-0133,Katie Jackson,CL-9976,Environmental,Closed,2023-11-22,2025-04-22,,Attorney J. Ferreira,LW-427,Family,District Court,Quinn Thompson,455240.95,325,9106.45,39411.04,2025-08-07,High,Low,Fictional case description 133,2025-07-08
CASE-0134,Mia White,CL-8305,Real Estate,Open,2021-09-05,2025-08-16,,Attorney D. Souza,LW-783,Tax,International Tribunal,Ryan White,488556.44,88,47628.78,35729.05,2025-08-20,Low,Medium,Fictional case description 134,2025-05-22
CASE-0135,Leo Rodriguez,CL-3607,Real Estate,On Hold,2025-01-24,2025-08-16,2023-04-16,Attorney C. Santos,LW-455,Real Estate,State Court,Alice Johnson Inc.,582373.59,152,42802.76,28180.19,2025-09-21,High,Medium,Fictional case description 135,2025-06-11
CASE-0136,Noah Wilson,CL-8777,Tax,On Hold,2020-02-29,2025-05-01,2023-07-22,Attorney E. Lima,LW-826,Corporate,Supreme Court,Katie Wilson,869038.86,52,28019.71,17252.93,2025-08-23,Medium,High,Fictional case description 136,2025-02-25
CASE-0137,Eve White,CL-8373,Intellectual Property,On Hold,2020-04-04,2025-07-05,2023-06-06,Attorney G. Costa,LW-166,Criminal,Supreme Court,Ivy Martin Inc.,847320.16,168,27730.98,26145.41,2025-11-20,Low,High,Fictional case description 137,2025-02-21
CASE-0138,Eve Smith,CL-5246,Real Estate,Open,2021-10-26,2025-02-20,,Attorney A. Silva,LW-663,Intellectual Property,Supreme Court,John White,94048.52,50,5188.9,24292.71,2025-11-09,Low,High,Fictional case description 138,2025-02-23
CASE-0139,Quinn Rodriguez,CL-5050,Tax,Closed,2024-06-18,2025-12-18,,Attorney J. Ferreira,LW-655,Real Estate,International Tribunal,Grace Brown,972178.14,271,5544.41,17368.02,2025-09-17,Medium,Medium,Fictional case description 139,2025-06-09
CASE-0140,Jane Harris,CL-5543,Tax,Settled,2020-04-24,2025-07-08,2025-03-02,Attorney F. Pereira,LW-397,Environmental,Federal Court,David Garcia,635205.7,481,39793.58,2142.23,2025-10-29,Medium,Low,Fictional case description 140,2025-07-02
CASE-0141,Jane Smith,CL-9540,Environmental,Open,2021-08-23,2025-10-06,,Attorney D. Souza,LW-407,Real Estate,Federal Court,Paul Clark,697591.69,114,6511.94,13243.78,2025-09-27,High,High,Fictional case description 141,2025-03-16
CASE-0142,Quinn Robinson,CL-8939,Corporate,Dismissed,2022-01-04,2025-11-27,2024-07-31,Attorney J. Ferreira,LW-971,Corporate,International Tribunal,John Johnson,850256.13,423,3552.62,38975.94,2025-11-01,High,High,Fictional case description 142,2025-06-25
CASE-0143,Olivia Clark,CL-4919,Corporate,Settled,2022-02-06,2025-07-03,,Attorney G. Costa,LW-261,Bankruptcy,Appeals Court,Alice Lee,795882.25,89,39157.52,16371.19,2025-10-01,Medium,Low,Fictional case description 143,2025-03-30
CASE-0144,David Smith,CL-5499,Corporate,Closed,2022-06-01,2025-02-01,2024-08-01,Attorney C. Santos,LW-828,Bankruptcy,State Court,Ivy Thompson Inc.,398318.15,284,11503.26,22164.5,2025-11-15,Low,Low,Fictional case description 144,2025-08-24
CASE-0145,Olivia Johnson,CL-8206,Family,Closed,2020-10-25,2025-07-23,,Attorney B. Oliveira,LW-826,Criminal,Appeals Court,Leo Thompson,968160.45,177,10307.59,37022.94,2025-09-12,Critical,High,Fictional case description 145,2025-06-22
CASE-0146,David Johnson,CL-2269,Criminal,Open,2021-05-15,2025-05-22,,Attorney I. Almeida,LW-817,Labor,International Tribunal,Paul Thomas Inc.,825022.8,210,20328.8,21605.02,2025-11-09,High,Low,Fictional case description 146,2025-02-03
CASE-0147,Ryan Johnson,CL-5681,Family,In Progress,2022-12-23,2025-04-08,2024-10-04,Attorney F. Pereira,LW-753,Criminal,International Tribunal,David Thompson Inc.,495220.23,310,34471.12,26423.92,2025-08-03,Medium,High,Fictional case description 147,2025-07-01
CASE-0148,Frank Thompson,CL-4841,Tax,Settled,2022-04-23,2025-03-04,2024-03-26,Attorney B. Oliveira,LW-278,Intellectual Property,Federal Court,Grace White,323542.28,334,46909.96,11896.03,2025-09-30,Low,Medium,Fictional case description 148,2025-06-16
CASE-0149,Bob Lewis,CL-5451,Criminal,On Hold,2023-03-05,2025-08-21,2024-03-28,Attorney I. Almeida,LW-912,Tax,State Court,Charlie Johnson,284309.48,400,4659.95,3836.64,2025-11-05,Low,Medium,Fictional case description 149,2025-02-15
CASE-0150,Frank Lewis,CL-6502,Real Estate,Settled,2023-10-28,2025-02-16,,Attorney I. Almeida,LW-470,Tax,District Court,Grace Garcia,547763.22,437,29512.88,15716.09,2025-08-16,High,Low,Fictional case description 150,2025-05-09
CASE-0151,Ryan Smith,CL-6238,Labor,Closed,2024-06-11,2025-12-06,,Attorney I. Almeida,LW-620,Real Estate,State Court,Alice Martin,131463.66,342,45912.71,21986.51,2025-08-04,High,Low,Fictional case description 151,2025-05-19
CASE-0152,Ryan Johnson,CL-9849,Family,Dismissed,2021-01-03,2025-04-19,,Attorney I. Almeida,LW-329,Tax,Federal Court,Frank Robinson,852570.15,358,4211.87,19637.93,2025-09-04,Critical,Medium,Fictional case description 152,2025-06-27
CASE-0153,Leo Lewis,CL-2320,Family,Closed,2020-12-14,2025-11-25,2023-03-17,Attorney I. Almeida,LW-224,Labor,District Court,Eve Martinez Inc.,788515.35,339,49859.49,2180.19,2025-10-25,High,Medium,Fictional case description 153,2025-06-13
CASE-0154,Quinn Clark,CL-3267,Environmental,Open,2020-12-24,2025-11-24,2024-04-07,Attorney A. Silva,LW-305,Family,District Court,Henry Doe,894260.5,43,10288.64,152.62,2025-09-29,Critical,Low,Fictional case description 154,2025-03-24
CASE-0155,Ivy Jackson,CL-3471,Corporate,In Progress,2020-06-10,2025-11-02,2024-01-13,Attorney G. Costa,LW-911,Bankruptcy,State Court,Ivy Lee Inc.,762491.77,168,32476.35,3505.13,2025-09-16,Medium,Medium,Fictional case description 155,2025-07-01
CASE-0156,Eve Harris,CL-4788,Bankruptcy,On Hold,2023-06-02,2025-01-11,,Attorney H. Rodrigues,LW-242,Real Estate,International Tribunal,Ivy Martinez,46896.98,367,40560.28,32955.89,2025-08-13,High,Medium,Fictional case description 156,2025-01-30
CASE-0157,Frank Jackson,CL-7275,Real Estate,Settled,2024-11-18,2025-01-26,2025-06-03,Attorney A. Silva,LW-342,Intellectual Property,Supreme Court,Ryan Wilson,626553.34,233,5052.94,25003.64,2025-11-03,Critical,Low,Fictional case description 157,2025-07-14
CASE-0158,Katie Wilson,CL-3503,Bankruptcy,In Progress,2022-02-22,2025-06-20,,Attorney G. Costa,LW-909,Real Estate,Federal Court,Ryan Anderson,836865.48,383,42440.13,19213.14,2025-11-12,High,High,Fictional case description 158,2025-04-01
CASE-0159,Henry Martinez,CL-4505,Corporate,On Hold,2023-06-23,2025-05-05,2024-08-31,Attorney F. Pereira,LW-605,Civil,Federal Court,David Thompson,17265.07,498,40539.92,3879.48,2025-10-02,Medium,Low,Fictional case description 159,2025-05-24
CASE-0160,Ivy Johnson,CL-2052,Criminal,Closed,2023-10-31,2025-03-06,,Attorney E. Lima,LW-126,Civil,Supreme Court,Henry Robinson Inc.,929503.44,443,6565.12,8278.12,2025-11-16,Medium,High,Fictional case description 160,2025-05-03
CASE-0161,John Martinez,CL-7797,Family,Dismissed,2021-05-08,2025-10-17,2024-07-21,Attorney A. Silva,LW-469,Civil,Appeals Court,Frank Harris Inc.,158825.53,132,47142.89,25527.63,2025-10-07,Critical,High,Fictional case description 161,2025-05-30
CASE-0162,Ryan Lewis,CL-7678,Corporate,Closed,2022-10-16,2025-04-16,,Attorney F. Pereira,LW-667,Labor,Appeals Court,Katie Martin,457061.62,39,3006.57,39082.31,2025-07-30,Low,Medium,Fictional case description 162,2025-05-27
CASE-0163,Bob Johnson,CL-6421,Family,Open,2025-02-12,2025-02-05,,Attorney B. Oliveira,LW-686,Tax,Federal Court,Quinn Anderson,991846.4,135,46244.52,18942.83,2025-08-18,Medium,Medium,Fictional case description 163,2025-06-20
CASE-0164,Paul Anderson,CL-9890,Tax,Open,2023-04-09,2025-10-11,2025-04-09,Attorney F. Pereira,LW-477,Environmental,Supreme Court,Paul Taylor Inc.,428371.5,54,21941.24,4620.36,2025-08-20,Medium,Low,Fictional case description 164,2025-07-01
CASE-0165,Olivia Jackson,CL-8633,Labor,Dismissed,2020-10-20,2025-04-17,,Attorney D. Souza,LW-578,Real Estate,Supreme Court,Paul Doe Inc.,995698.37,483,36359.33,31395.06,2025-11-16,Medium,Low,Fictional case description 165,2025-04-17
CASE-0166,Charlie Martin,CL-7812,Corporate,Settled,2021-04-20,2025-10-28,2024-09-11,Attorney B. Oliveira,LW-922,Environmental,District Court,Mia Anderson Inc.,909497.81,232,25058.26,18837.78,2025-11-10,Medium,Medium,Fictional case description 166,2025-06-22
CASE-0167,Alice Thomas,CL-2020,Civil,In Progress,2022-08-02,2025-04-21,2023-06-04,Attorney J. Ferreira,LW-664,Labor,International Tribunal,Henry Johnson,882265.62,69,19445.11,35795.1,2025-08-21,Low,Medium,Fictional case description 167,2025-07-11
CASE-0168,Jack White,CL-4388,Real Estate,Dismissed,2023-07-30,2025-04-30,,Attorney F. Pereira,LW-232,Bankruptcy,Appeals Court,Leo Robinson Inc.,302563.64,242,21619.87,10600.18,2025-11-11,Medium,High,Fictional case description 168,2025-08-17
CASE-0169,David Martinez,CL-7883,Labor,In Progress,2021-06-04,2025-06-18,2025-04-10,Attorney C. Santos,LW-726,Real Estate,Appeals Court,Henry Thomas,874548.95,323,18020.19,25674.66,2025-08-03,Low,Medium,Fictional case description 169,2025-08-04
CASE-0170,Paul White,CL-7381,Corporate,On Hold,2022-07-30,2025-03-17,,Attorney A. Silva,LW-188,Labor,District Court,Charlie Garcia,876718.44,321,45461.06,15501.08,2025-08-27,High,Low,Fictional case description 170,2025-05-17
CASE-0171,Ryan Clark,CL-1320,Civil,Settled,2021-06-06,2025-11-02,2025-01-01,Attorney F. Pereira,LW-167,Tax,State Court,Alice Martinez Inc.,94246.64,38,14111.6,14840.82,2025-07-31,Low,Medium,Fictional case description 171,2025-03-15
CASE-0172,John Rodriguez,CL-7232,Civil,Open,2023-09-27,2025-01-02,2024-10-23,Attorney I. Almeida,LW-416,Bankruptcy,Appeals Court,Noah Lewis Inc.,361074.95,168,22577.57,15257.81,2025-09-23,Critical,Medium,Fictional case description 172,2025-08-13
CASE-0173,Henry Brown,CL-8814,Real Estate,Settled,2020-01-20,2025-05-22,2023-09-11,Attorney F. Pereira,LW-507,Tax,District Court,Olivia Garcia,83338.11,351,7857.25,7463.32,2025-08-02,High,Medium,Fictional case description 173,2025-08-05
CASE-0174,Charlie Jackson,CL-1096,Corporate,Closed,2025-01-14,2025-03-16,,Attorney C. Santos,LW-834,Labor,Supreme Court,Jack Rodriguez Inc.,664844.3,389,30898.28,1784.68,2025-11-21,Low,Low,Fictional case description 174,2025-04-19
CASE-0175,Bob Brown,CL-6763,Labor,Open,2024-07-05,2025-03-08,,Attorney H. Rodrigues,LW-836,Intellectual Property,State Court,Alice Brown Inc.,649262.3,346,31040.37,17589.62,2025-09-11,Low,Medium,Fictional case description 175,2025-07-26
CASE-0176,Paul Wilson,CL-5892,Environmental,In Progress,2022-08-10,2025-10-04,,Attorney H. Rodrigues,LW-590,Bankruptcy,Federal Court,Paul Taylor Inc.,52735.49,389,32540.28,10536.03,2025-10-25,Low,High,Fictional case description 176,2025-01-04
CASE-0177,Grace White,CL-7389,Criminal,Open,2025-01-19,2025-05-09,,Attorney C. Santos,LW-638,Corporate,Supreme Court,Jane Lewis Inc.,625978.67,99,25195.13,33483.15,2025-08-21,Low,High,Fictional case description 177,2025-05-14
CASE-0178,Ryan Anderson,CL-7865,Civil,Closed,2021-08-12,2025-03-31,2023-10-17,Attorney C. Santos,LW-520,Bankruptcy,State Court,Katie Harris Inc.,726262.38,71,44197.54,22569.86,2025-08-31,Low,Low,Fictional case description 178,2025-01-28
CASE-0179,Ivy Anderson,CL-9818,Bankruptcy,Open,2023-10-19,2025-02-26,2025-03-04,Attorney B. Oliveira,LW-887,Tax,International Tribunal,Leo Brown Inc.,755476.92,16,24212.03,6045.23,2025-09-12,Low,Low,Fictional case description 179,2025-01-07
CASE-0180,Grace Clark,CL-9947,Corporate,Dismissed,2023-01-24,2025-12-05,2024-09-04,Attorney H. Rodrigues,LW-519,Real Estate,District Court,Grace Thomas,429801.71,372,4842.22,27858.84,2025-11-09,Critical,Medium,Fictional case description 180,2025-04-08
CASE-0181,Noah Jackson,CL-4613,Environmental,In Progress,2020-11-19,2025-01-14,2024-10-08,Attorney A. Silva,LW-943,Real Estate,International Tribunal,Olivia Rodriguez Inc.,92107.99,80,19459.26,3868.1,2025-09-24,Critical,Medium,Fictional case description 181,2025-02-07
CASE-0182,Jane Johnson,CL-8999,Environmental,Closed,2020-05-31,2025-03-09,,Attorney E. Lima,LW-688,Real Estate,Supreme Court,Quinn Thomas Inc.,96088.49,369,21252.12,26725.65,2025-09-29,Critical,Low,Fictional case description 182,2025-01-14
CASE-0183,Leo Jackson,CL-4595,Environmental,Dismissed,2022-06-23,2025-01-08,2023-04-07,Attorney D. Souza,LW-175,Environmental,International Tribunal,Katie Martinez,214207.76,15,32311.3,32327.21,2025-09-15,Low,High,Fictional case description 183,2025-06-21
CASE-0184,Jane Doe,CL-5471,Tax,On Hold,2025-04-19,2025-07-03,,Attorney A. Silva,LW-228,Bankruptcy,State Court,Quinn Clark Inc.,78860.78,93,39961.3,16559.47,2025-10-16,High,High,Fictional case description 184,2025-01-15
CASE-0185,Ivy Wilson,CL-8140,Labor,Settled,2021-12-08,2025-05-02,2023-09-16,Attorney D. Souza,LW-424,Corporate,Federal Court,John Robinson,594085.82,264,12832.81,30258.28,2025-11-22,Critical,Low,Fictional case description 185,2025-02-21
CASE-0186,Grace Taylor,CL-8956,Civil,Dismissed,2023-04-18,2025-10-29,,Attorney A. Silva,LW-757,Environmental,International Tribunal,Leo Johnson,519924.81,497,49707.32,9100.51,2025-08-11,Medium,Low,Fictional case description 186,2025-03-10
CASE-0187,Mia Rodriguez,CL-1475,Corporate,On Hold,2021-09-04,2025-06-15,,Attorney F. Pereira,LW-175,Civil,Supreme Court,Charlie Martin,445621.81,187,27411.01,2439.35,2025-10-22,Medium,High,Fictional case description 187,2025-07-12
CASE-0188,Leo Rodriguez,CL-7371,Environmental,Closed,2023-08-01,2025-01-09,,Attorney E. Lima,LW-560,Tax,Supreme Court,Mia Anderson,9054.51,277,1466.73,15484.24,2025-07-30,Low,High,Fictional case description 188,2025-07-21
CASE-0189,John Brown,CL-6507,Criminal,Closed,2025-05-24,2025-03-31,,Attorney I. Almeida,LW-577,Tax,Appeals Court,Jack Robinson Inc.,344230.58,274,19433.66,20903.29,2025-08-26,High,High,Fictional case description 189,2025-02-11
CASE-0190,Alice Wilson,CL-7624,Criminal,Closed,2022-05-18,2025-05-16,2024-08-19,Attorney G. Costa,LW-796,Criminal,International Tribunal,Mia Harris,121473.19,410,35811.85,38625.11,2025-09-12,Critical,Medium,Fictional case description 190,2025-03-15
CASE-0191,Paul Smith,CL-3704,Intellectual Property,In Progress,2023-11-14,2025-01-27,,Attorney I. Almeida,LW-629,Intellectual Property,State Court,Jane Brown,860479.95,431,24244.38,27482.72,2025-09-27,Low,High,Fictional case description 191,2025-06-24
CASE-0192,Jack Lewis,CL-8657,Environmental,Closed,2021-05-27,2025-03-06,,Attorney H. Rodrigues,LW-452,Bankruptcy,State Court,Ivy Brown,694336.97,379,39181.04,37454.46,2025-10-11,High,High,Fictional case description 192,2025-03-06
CASE-0193,Paul Wilson,CL-3091,Criminal,Settled,2022-07-24,2025-08-04,2024-11-02,Attorney E. Lima,LW-231,Corporate,Appeals Court,David Thomas Inc.,478222.54,142,17529.69,22908.57,2025-09-22,Medium,Low,Fictional case description 193,2025-02-07
CASE-0194,Leo Wilson,CL-9751,Bankruptcy,In Progress,2024-09-27,2025-09-27,,Attorney A. Silva,LW-999,Civil,International Tribunal,Paul Taylor Inc.,229717.92,95,28499.73,9425.68,2025-08-18,Critical,High,Fictional case description 194,2025-08-03
CASE-0195,Jane White,CL-1441,Civil,Closed,2021-09-10,2025-02-28,2024-09-01,Attorney D. Souza,LW-948,Bankruptcy,District Court,Leo Martinez,90241.75,200,16419.42,11954.08,2025-11-15,Low,High,Fictional case description 195,2025-01-16
CASE-0196,Jack Smith,CL-7455,Labor,In Progress,2021-02-11,2025-02-02,,Attorney E. Lima,LW-898,Environmental,District Court,Katie Taylor,806150.88,74,13886.57,15792.17,2025-09-25,Low,Medium,Fictional case description 196,2025-06-26
CASE-0197,Jack Anderson,CL-1444,Labor,Settled,2022-02-26,2025-09-01,2024-07-26,Attorney F. Pereira,LW-664,Corporate,Appeals Court,Leo Thompson,104098.33,393,1790.12,34157.59,2025-10-10,High,Medium,Fictional case description 197,2025-07-20
CASE-0198,Frank Brown,CL-2375,Bankruptcy,Settled,2024-10-13,2025-08-18,2025-03-21,Attorney A. Silva,LW-755,Bankruptcy,Supreme Court,Ryan Anderson,368194.13,409,30057.26,1389.14,2025-10-05,Low,Medium,Fictional case description 198,2025-03-17
CASE-0199,Jack Rodriguez,CL-8022,Corporate,Dismissed,2022-09-16,2025-07-05,2023-05-11,Attorney F. Pereira,LW-701,Bankruptcy,Federal Court,Leo Thompson,299956.07,457,1950.52,22848.8,2025-09-09,Low,Low,Fictional case description 199,2025-02-22
CASE-0200,Leo Lee,CL-3223,Criminal,In Progress,2020-08-06,2025-09-20,,Attorney E. Lima,LW-286,Family,District Court,Eve Anderson,383338.33,147,40629.12,20672.7,2025-09-09,Critical,Low,Fictional case description 200,2025-07-12
CASE-0201,Grace Harris,CL-5123,Tax,Open,2024-02-15,2025-12-10,,Attorney B. Oliveira,LW-312,Corporate,Federal Court,Quinn Brown Inc.,512345.67,256,29876.45,12345.89,2025-10-15,High,Medium,Fictional case description 201,2025-08-10
CASE-0202,Mia Thompson,CL-6789,Family,Settled,2023-03-22,2025-06-30,2024-12-05,Attorney J. Ferreira,LW-451,Real Estate,State Court,Henry Wilson,789123.45,312,45678.12,34567.23,2025-09-05,Medium,Low,Fictional case description 202,2025-07-25
CASE-0203,Charlie Doe,CL-2345,Civil,Closed,2022-11-10,2025-04-15,2024-09-20,Attorney C. Santos,LW-789,Tax,Supreme Court,Alice Clark Inc.,234567.89,178,12345.67,9876.54,2025-08-20,Low,High,Fictional case description 203,2025-06-15
CASE-0204,Noah Smith,CL-8901,Labor,In Progress,2024-05-05,2025-11-25,,Attorney A. Silva,LW-234,Environmental,District Court,Jane Martinez,456789.12,345,37654.32,23456.78,2025-10-10,High,Medium,Fictional case description 204,2025-08-05
CASE-0205,Alice Brown,CL-3456,Corporate,On Hold,2023-07-18,2025-03-20,,Attorney F. Pereira,LW-567,Civil,Appeals Court,Paul Robinson Inc.,678901.23,290,45612.34,34567.89,2025-09-15,Critical,Low,Fictional case description 205,2025-07-30
CASE-0206,Jane Wilson,CL-7890,Environmental,Open,2022-09-15,2025-10-05,,Attorney H. Rodrigues,LW-890,Bankruptcy,Federal Court,Leo Thomas,345678.90,156,23456.78,12345.67,2025-11-05,Medium,High,Fictional case description 206,2025-08-20
CASE-0207,Paul Martinez,CL-1234,Tax,Settled,2021-12-05,2025-06-10,2024-11-15,Attorney E. Lima,LW-345,Labor,State Court,Quinn Harris,567890.12,423,56789.01,45678.90,2025-09-25,Low,Medium,Fictional case description 207,2025-07-10
CASE-0208,Quinn Taylor,CL-5678,Family,Closed,2024-03-10,2025-02-28,2025-01-10,Attorney D. Souza,LW-678,Corporate,Supreme Court,Henry Brown Inc.,789012.34,198,34567.89,23456.78,2025-10-20,High,Low,Fictional case description 208,2025-08-15
CASE-0209,Leo Clark,CL-9012,Criminal,In Progress,2023-08-20,2025-07-15,,Attorney B. Oliveira,LW-901,Tax,District Court,Grace Smith,234567.89,265,12345.67,9876.54,2025-09-10,Critical,High,Fictional case description 209,2025-07-25
CASE-0210,Grace Johnson,CL-4567,Real Estate,Open,2022-06-10,2025-12-20,,Attorney I. Almeida,LW-234,Family,Federal Court,Charlie Wilson,456789.12,321,45678.90,34567.89,2025-10-05,Medium,Medium,Fictional case description 210,2025-08-10
CASE-0211,Henry Lee,CL-8902,Corporate,Dismissed,2021-10-15,2025-05-05,2024-12-10,Attorney J. Ferreira,LW-567,Labor,Appeals Court,Alice Thomas,678901.23,187,23456.78,12345.67,2025-09-20,Low,High,Fictional case description 211,2025-07-15
CASE-0212,Alice Martinez,CL-2346,Tax,Closed,2023-04-05,2025-03-15,2024-10-25,Attorney C. Santos,LW-890,Environmental,Supreme Court,Quinn Brown,890123.45,254,56789.01,45678.90,2025-10-15,High,Low,Fictional case description 212,2025-08-05
CASE-0213,Charlie Smith,CL-6789,Family,Settled,2022-12-20,2025-06-30,2025-02-15,Attorney A. Silva,LW-123,Civil,District Court,Leo Harris,234567.89,321,34567.89,23456.78,2025-09-05,Medium,Medium,Fictional case description 213,2025-07-20
CASE-0214,Noah Wilson,CL-1235,Labor,In Progress,2024-01-10,2025-11-10,,Attorney F. Pereira,LW-456,Bankruptcy,Federal Court,Jane Clark,456789.12,198,12345.67,9876.54,2025-10-10,Critical,High,Fictional case description 214,2025-08-15
CASE-0215,Jane Brown,CL-5679,Environmental,Open,2023-06-15,2025-04-20,,Attorney H. Rodrigues,LW-789,Corporate,State Court,Paul Martinez,678901.23,265,45678.90,34567.89,2025-09-25,Low,Medium,Fictional case description 215,2025-07-30
CASE-0216,Paul Thomas,CL-9013,Civil,Closed,2022-09-25,2025-02-10,2024-12-05,Attorney E. Lima,LW-234,Tax,Appeals Court,Quinn Wilson,890123.45,321,23456.78,12345.67,2025-10-05,High,Low,Fictional case description 216,2025-08-10
CASE-0217,Quinn Harris,CL-3457,Corporate,In Progress,2024-02-20,2025-07-25,,Attorney D. Souza,LW-567,Labor,Federal Court,Henry Smith,234567.89,187,56789.01,45678.90,2025-09-15,Medium,High,Fictional case description 217,2025-07-25
CASE-0218,Leo Brown,CL-7891,Tax,Open,2023-08-10,2025-12-15,,Attorney B. Oliveira,LW-890,Family,District Court,Grace Clark,456789.12,254,34567.89,23456.78,2025-10-20,Critical,Medium,Fictional case description 218,2025-08-05
CASE-0219,Grace Wilson,CL-2347,Family,Settled,2022-11-05,2025-06-05,2025-03-20,Attorney I. Almeida,LW-123,Civil,Supreme Court,Charlie Harris,678901.23,321,12345.67,9876.54,2025-09-10,Low,High,Fictional case description 219,2025-07-15
CASE-0220,Henry Clark,CL-6780,Real Estate,Closed,2024-03-15,2025-03-30,2025-01-15,Attorney J. Ferreira,LW-456,Environmental,Federal Court,Alice Wilson,890123.45,198,45678.90,34567.89,2025-10-15,High,Medium,Fictional case description 220,2025-08-20
CASE-0221,Alice Smith,CL-9014,Criminal,In Progress,2023-07-20,2025-11-05,,Attorney C. Santos,LW-789,Tax,State Court,Quinn Thomas,234567.89,265,23456.78,12345.67,2025-09-05,Medium,Low,Fictional case description 221,2025-07-30
CASE-0222,Charlie Martinez,CL-1236,Corporate,Open,2022-12-15,2025-04-10,,Attorney A. Silva,LW-234,Labor,Appeals Court,Leo Brown,456789.12,321,56789.01,45678.90,2025-10-10,Critical,High,Fictional case description 222,2025-08-15
CASE-0223,Noah Harris,CL-5670,Tax,Closed,2024-01-25,2025-02-20,2024-12-15,Attorney F. Pereira,LW-567,Family,District Court,Jane Wilson,678901.23,187,34567.89,23456.78,2025-09-25,Low,Medium,Fictional case description 223,2025-07-20
CASE-0224,Jane Clark,CL-7892,Environmental,In Progress,2023-06-25,2025-07-10,,Attorney H. Rodrigues,LW-890,Civil,Federal Court,Paul Harris,890123.45,254,12345.67,9876.54,2025-10-05,High,Low,Fictional case description 224,2025-08-10
CASE-0225,Paul Wilson,CL-2348,Labor,Settled,2022-09-10,2025-06-20,2025-03-05,Attorney E. Lima,LW-123,Corporate,Supreme Court,Quinn Martinez,234567.89,321,45678.90,34567.89,2025-09-15,Medium,High,Fictional case description 225,2025-07-25
CASE-0226,Quinn Brown,CL-6781,Family,Open,2024-02-10,2025-12-25,,Attorney D. Souza,LW-456,Tax,State Court,Henry Clark,456789.12,198,23456.78,12345.67,2025-10-20,Low,Medium,Fictional case description 226,2025-08-05
CASE-0227,Leo Smith,CL-9015,Civil,Closed,2023-08-15,2025-03-25,2025-01-20,Attorney B. Oliveira,LW-789,Environmental,Federal Court,Grace Wilson,678901.23,265,56789.01,45678.90,2025-09-10,High,Low,Fictional case description 227,2025-07-15
CASE-0228,Grace Harris,CL-3458,Corporate,In Progress,2022-11-20,2025-11-15,,Attorney I. Almeida,LW-234,Labor,District Court,Charlie Smith,890123.45,321,34567.89,23456.78,2025-10-15,Critical,High,Fictional case description 228,2025-08-20
CASE-0229,Henry Wilson,CL-7893,Tax,Open,2024-03-20,2025-04-05,,Attorney J. Ferreira,LW-567,Family,Appeals Court,Alice Brown,234567.89,187,12345.67,9876.54,2025-09-05,Medium,Medium,Fictional case description 229,2025-07-30
CASE-0230,Alice Clark,CL-1237,Real Estate,Closed,2023-07-15,2025-02-15,2024-12-20,Attorney C. Santos,LW-890,Civil,Federal Court,Quinn Harris,456789.12,254,45678.90,34567.89,2025-10-10,Low,High,Fictional case description 230,2025-08-15
CASE-0231,Charlie Brown,CL-5671,Criminal,In Progress,2022-12-25,2025-07-20,,Attorney A. Silva,LW-123,Tax,Supreme Court,Leo Wilson,678901.23,321,23456.78,12345.67,2025-09-25,High,Low,Fictional case description 231,2025-07-20
CASE-0232,Noah Martinez,CL-7894,Family,Settled,2024-01-15,2025-06-10,2025-03-10,Attorney F. Pereira,LW-456,Corporate,District Court,Jane Smith,890123.45,198,56789.01,45678.90,2025-10-05,Medium,Medium,Fictional case description 232,2025-08-10
CASE-0233,Jane Wilson,CL-2349,Environmental,Open,2023-06-20,2025-12-15,,Attorney H. Rodrigues,LW-789,Labor,Federal Court,Paul Clark,234567.89,265,34567.89,23456.78,2025-09-15,Critical,High,Fictional case description 233,2025-07-25
CASE-0234,Paul Harris,CL-6782,Labor,Closed,2022-09-15,2025-03-20,2025-01-25,Attorney E. Lima,LW-234,Environmental,State Court,Quinn Brown,456789.12,321,12345.67,9876.54,2025-10-20,Low,Medium,Fictional case description 234,2025-08-05
CASE-0235,Quinn Smith,CL-9016,Corporate,In Progress,2024-02-15,2025-11-05,,Attorney D. Souza,LW-567,Family,Appeals Court,Henry Wilson,678901.23,187,45678.90,34567.89,2025-09-10,High,Low,Fictional case description 235,2025-07-15
CASE-0236,Leo Clark,CL-3459,Tax,Open,2023-08-20,2025-04-25,,Attorney B. Oliveira,LW-890,Civil,Federal Court,Grace Harris,890123.45,254,23456.78,12345.67,2025-10-15,Medium,High,Fictional case description 236,2025-08-20
CASE-0237,Grace Brown,CL-7895,Civil,Closed,2022-11-10,2025-02-10,2024-12-15,Attorney I. Almeida,LW-123,Tax,District Court,Charlie Martinez,234567.89,321,56789.01,45678.90,2025-09-05,Critical,Medium,Fictional case description 237,2025-07-30
CASE-0238,Henry Smith,CL-1238,Real Estate,In Progress,2024-03-25,2025-07-15,,Attorney J. Ferreira,LW-456,Corporate,Federal Court,Alice Wilson,456789.12,198,34567.89,23456.78,2025-10-10,Low,High,Fictional case description 238,2025-08-15
CASE-0239,Alice Harris,CL-5672,Family,Settled,2023-07-20,2025-06-20,2025-03-15,Attorney C. Santos,LW-789,Labor,Supreme Court,Quinn Clark,678901.23,265,12345.67,9876.54,2025-09-25,High,Medium,Fictional case description 239,2025-07-20
CASE-0240,Charlie Wilson,CL-7896,Criminal,Open,2022-12-15,2025-12-25,,Attorney A. Silva,LW-234,Environmental,District Court,Leo Harris,890123.45,321,45678.90,34567.89,2025-10-05,Medium,Low,Fictional case description 240,2025-08-10
CASE-0241,Noah Brown,CL-2340,Corporate,Closed,2024-01-20,2025-03-05,2025-01-10,Attorney F. Pereira,LW-567,Family,Federal Court,Jane Martinez,234567.89,187,23456.78,12345.67,2025-09-15,Low,High,Fictional case description 241,2025-07-25
CASE-0242,Jane Clark,CL-6783,Tax,In Progress,2023-06-15,2025-11-10,,Attorney H. Rodrigues,LW-890,Civil,Appeals Court,Paul Wilson,456789.12,254,56789.01,45678.90,2025-10-20,High,Medium,Fictional case description 242,2025-08-05
CASE-0243,Paul Martinez,CL-9017,Labor,Open,2022-09-25,2025-04-15,,Attorney E. Lima,LW-123,Tax,State Court,Quinn Harris,678901.23,321,34567.89,23456.78,2025-09-10,Critical,Low,Fictional case description 243,2025-07-15
CASE-0244,Quinn Wilson,CL-3450,Environmental,Closed,2024-02-20,2025-02-20,2024-12-25,Attorney D. Souza,LW-456,Corporate,Federal Court,Henry Clark,890123.45,198,12345.67,9876.54,2025-10-15,Medium,High,Fictional case description 244,2025-08-20
CASE-0245,Leo Harris,CL-7897,Family,In Progress,2023-08-15,2025-07-25,,Attorney B. Oliveira,LW-789,Labor,District Court,Grace Smith,234567.89,265,45678.90,34567.89,2025-09-05,Low,Medium,Fictional case description 245,2025-07-30
CASE-0246,Grace Clark,CL-1239,Civil,Settled,2022-11-20,2025-06-10,2025-03-20,Attorney I. Almeida,LW-234,Environmental,Federal Court,Charlie Brown,456789.12,321,23456.78,12345.67,2025-10-10,High,Low,Fictional case description 246,2025-08-15
CASE-0247,Henry Wilson,CL-5673,Corporate,Open,2024-03-15,2025-12-15,,Attorney J. Ferreira,LW-567,Family,Supreme Court,Alice Harris,678901.23,187,56789.01,45678.90,2025-09-25,Medium,High,Fictional case description 247,2025-07-20
CASE-0248,Alice Brown,CL-7898,Tax,Closed,2023-07-25,2025-03-25,2025-01-15,Attorney C. Santos,LW-890,Civil,Federal Court,Quinn Wilson,890123.45,254,34567.89,23456.78,2025-10-05,Critical,Medium,Fictional case description 248,2025-08-10
CASE-0249,Charlie Smith,CL-2341,Real Estate,In Progress,2022-12-20,2025-11-05,,Attorney A. Silva,LW-123,Tax,District Court,Leo Clark,234567.89,321,12345.67,9876.54,2025-09-15,Low,High,Fictional case description 249,2025-07-25
CASE-0250,Noah Harris,CL-6784,Criminal,Open,2024-01-15,2025-04-20,,Attorney F. Pereira,LW-456,Corporate,Appeals Court,Jane Brown,456789.12,198,45678.90,34567.89,2025-10-20,High,Low,Fictional case description 250,2025-08-05
CASE-0251,Jane Wilson,CL-9018,Family,Closed,2023-06-20,2025-02-10,2024-12-15,Attorney H. Rodrigues,LW-789,Labor,Federal Court,Paul Martinez,678901.23,265,23456.78,12345.67,2025-09-10,Medium,Medium,Fictional case description 251,2025-07-15
CASE-0252,Paul Clark,CL-3451,Environmental,In Progress,2022-09-15,2025-07-15,,Attorney E. Lima,LW-234,Corporate,State Court,Quinn Harris,890123.45,321,56789.01,45678.90,2025-10-15,Critical,High,Fictional case description 252,2025-08-20
CASE-0253,Quinn Brown,CL-7899,Labor,Open,2024-02-25,2025-12-20,,Attorney D. Souza,LW-567,Family,District Court,Henry Wilson,234567.89,187,34567.89,23456.78,2025-09-05,Low,Medium,Fictional case description 253,2025-07-30
CASE-0254,Leo Smith,CL-1230,Corporate,Closed,2023-08-10,2025-03-05,2025-01-20,Attorney B. Oliveira,LW-890,Tax,Federal Court,Grace Clark,456789.12,254,12345.67,9876.54,2025-10-10,High,Low,Fictional case description 254,2025-08-15
CASE-0255,Grace Harris,CL-5674,Civil,In Progress,2022-11-25,2025-11-10,,Attorney I. Almeida,LW-123,Environmental,Supreme Court,Charlie Martinez,678901.23,321,45678.90,34567.89,2025-09-25,Medium,High,Fictional case description 255,2025-07-20
CASE-0256,Henry Clark,CL-7890,Tax,Open,2024-03-20,2025-04-25,,Attorney J. Ferreira,LW-456,Labor,Federal Court,Alice Wilson,890123.45,198,23456.78,12345.67,2025-10-05,Low,Medium,Fictional case description 256,2025-08-10
CASE-0257,Alice Brown,CL-2342,Real Estate,Closed,2023-07-15,2025-02-15,2024-12-20,Attorney C. Santos,LW-789,Civil,District Court,Quinn Harris,234567.89,265,56789.01,45678.90,2025-09-15,Critical,Low,Fictional case description 257,2025-07-25
CASE-0258,Charlie Wilson,CL-6785,Family,In Progress,2022-12-20,2025-07-20,,Attorney A. Silva,LW-234,Corporate,Federal Court,Leo Brown,456789.12,321,34567.89,23456.78,2025-10-20,High,High,Fictional case description 258,2025-08-05
